{
    "answers": {
        "phase": "testing",
        "action": "source code authoring",
        "scope": "api",
        "action experience": 2,
        "language": "js",
        "other language": "<fill in>",
        "aimodel": "chatgpt",
        "aimodel version": "4.0",
        "open source aimodel": "<fill in>",
        "tool option": "online full",
        "experience with tool": 4,
        "time allocated (h)": "0.1",
        "time saved estimate (h)": "0.5", 
        "quality of ai help": 3,
        "knowledge acquired": 3,
        "generic feeling - now": 4,
        "generic feeling - future": 5,
        "threat level": 2,
        "notes": "Guidance with unexpected errors in testing phase. Gave broad solutions to check."
    }
}