{
    "answers": {
        "phase": "design",
        "action": "design decision",
        "scope": "uml other",
        "action experience": 2,
        "language": "n/a",
        "other language": "<fill in>",
        "aimodel": "chatgpt",
        "aimodel version": "<4.0>",
        "open source aimodel": "<fill in>",
        "tool option": "online free",
        "experience with tool": 4,
        "time allocated (h)": 0.2,
        "time saved estimate (h)": 0,
        "quality of ai help": 4,
        "knowledge acquired": 4,
        "generic feeling - now": 3,
        "generic feeling - future": 4,
        "threat level": 2,
        "notes": "<Had to clarify over my UML diagram in order for the tool to understand where to focus>"
    }
}
