{
    "answers": {
        "phase": "design",
        "action": "data design",
        "scope":  "uml other", 
        "action experience": 1,
        "language": "yaml",
        "other language": "<fill in>",
        "aimodel": "chatgpt",
        "aimodel version": "4o",
        "open source aimodel": "<fill in>",
        "tool option": "online full",
        "experience with tool": 4, 
        "time allocated (h)": "1",
        "time saved estimate (h)": "4", 
        "quality of ai help": 2,
        "knowledge acquired": 1,
        "generic feeling - now": 1,
        "generic feeling - future": 3,
        "threat level": 1,
        "notes": "<fill in>"
    }
}