{
    "answers": {
        "phase": "coding",
        "action": "integration testing", 
        "scope": "frontend", 
        "action experience": 1,
        "language": "js-node", 
        "other language": "<fill in>",
        "aimodel": "chatgpt",
        "aimodel version": "4o",
        "open source aimodel": "<fill in>",
        "tool option": "online free",
        "experience with tool": 4,
        "time allocated (h)": "2.5",
        "time saved estimate (h)": "10", 
        "quality of ai help": 4,
        "knowledge acquired": 4,
        "generic feeling - now": 4,
        "generic feeling - future": 3,
        "threat level": 2, 
        "notes": "<fill in>"
    }
}