{
    "answers": {
        "phase": "requirements specification",
        "action": "use case specification",
        "scope": "uml state",
        "action experience": 2,
        "language": "n/a",
        "other language": "<fill in>",
        "aimodel": "chatgpt",
        "aimodel version": "4.0",
        "open source aimodel": "<fill in>",
        "tool option": "online free",
        "experience with tool": 4,
        "time allocated (h)": "0.1",
        "time saved estimate (h)": "0.2",
        "quality of ai help": 2,
        "knowledge acquired": 3,
        "generic feeling - now": 3,
        "generic feeling - future": 4,
        "threat level": 2,
        "notes": "<Gave a partially helpful reply, the other half had nothing to do with my prompt>"
    }
}
