{
  "answers": {
    "phase": "requirements specification",
    "action": "use case specification",
    "scope": "uml activity",
    "action experience": 1,
    "language": "n/a",
    "other language": "<fill in>",
    "aimodel": "chatgpt",
    "aimodel version": "4o mini",
    "open source aimodel": "<fill in>",
    "tool option": "online free",
    "experience with tool": 4,
    "time allocated (h)": "0.1",
    "time saved estimate (h)": "0.9",
    "quality of ai help": 4,
    "knowledge acquired": 3,
    "generic feeling - now": 4,
    "generic feeling - future": 4,
    "threat level": 1,
    "notes": "<fill in>"
  }
}