{
  "answers": {
    "phase": "requirements gathering",
    "action": "use case specification",
    "scope": "uml other",
    "action experience": 2,
    "language": "n/a",
    "other language": "<fill in>",
    "aimodel": "chatgpt",
    "aimodel version": "4o",
    "open source aimodel": "<fill in>",
    "tool option": "online free",
    "experience with tool": 4,
    "time allocated (h)": "0.1",
    "time saved estimate (h)": "0.8",
    "quality of ai help": 4,
    "knowledge acquired": 2,
    "generic feeling - now": 4,
    "generic feeling - future": 4,
    "threat level": 1,
    "notes": "<fill in>"
  }
}