{
    "answers": {
        "phase": "design",
        "action": "design decision",
        "scope": "frontend",
        "action experience":3,
        "language": "python",
        "other language": "<fill in>",
        "aimodel": "chatgpt",
        "aimodel version": "4ο",
        "open source aimodel": "<fill in>",
        "tool option":"online full",
        "experience with tool": 4,
        "time allocated (h)": "4",
        "time saved estimate (h)": "12", 
        "quality of ai help":  4,
        "knowledge acquired": 3,
        "generic feeling - now": 4,
        "generic feeling - future": 4,
        "threat level": 2,
        "notes": "<fill in>"
    }
}