{
    "answers": {
        "phase": "deployment",
        "action": "problem understanding",
        "scope": "uml deployment",
        "action experience": 3,
        "language": "n/a",
        "other language": "<fill in>",
        "aimodel": "chatgpt",
        "aimodel version": "4.0",
        "open source aimodel": "<fill in>",
        "tool option": "online free",
        "experience with tool": 3,
        "time allocated (h)": "0.4",
        "time saved estimate (h)": "1", 
        "quality of ai help": 4,
        "knowledge acquired": 2,
        "generic feeling - now": 4,
        "generic feeling - future": 2,
        "threat level": 1,
        "notes": "<fill in>"
    }
}