{
    "answers": {
        "phase": "design",
        "action": "architectural decision",
        "scope": "backend",
        "action experience": 0,
        "language": "js-node",
        "other language": "<fill in>",
        "aimodel": "gemini",
        "aimodel version": 2.0,
        "open source aimodel": "<fill in>",
        "tool option": "online free",
        "experience with tool": 0,
        "time allocated (h)": 0.2,
        "time saved estimate (h)": 0.5,
        "quality of ai help": 3,
        "knowledge acquired": 2,
        "generic feeling - now": 3,
        "generic feeling - future": 4,
        "threat level": 2,
        "notes": "Query for clarification and extending my knowledge"
    }
}
