{
    "answers": {
        "phase":  "architecture",
        "action":  "use case specification",
        "scope": "uml sequence",
        "action experience": 4,
        "language": "n/a",
        "other language": "<fill in>",
        "aimodel": "chatgpt", 
        "aimodel version": "<fill in>",
        "open source aimodel": "<fill in>",
        "tool option": "online free", 
        "experience with tool": 4,
        "time allocated (h)": "0.5",
        "time saved estimate (h)": "1", 
        "quality of ai help": 4,
        "knowledge acquired":  4, 
        "generic feeling - now": 3,
        "generic feeling - future": 3, 
        "threat level": 1,
        "notes": "<fill in>"
    }
}