{
    "answers": {
        "phase": "architecture",
        "action": "functional requirements",
        "scope": "uml other",
        "action experience": 3,
        "language": "n/a",
        "other language": "<fill in>",
        "aimodel": "chatgpt",
        "aimodel version": "4",
        "open source aimodel": "<fill in>",
        "tool option": "online free",
        "experience with tool": 4,
        "time allocated (h)": "0.3",
        "time saved estimate (h)": "1.5", 
        "quality of ai help": 3,
        "knowledge acquired": 4,
        "generic feeling - now": 3,
        "generic feeling - future": 3,
        "threat level": 2,
        "notes": "<fill in>"
    }
}