{
    "answers": {
        "phase": "requirements specification",
        "action": "problem understanding",
        "scope": "backend",
        "action experience": 0,
        "language": "n/a",
        "other language": "<fill in>",
        "aimodel": "chatgpt",
        "aimodel version": "<4.0n>",
        "open source aimodel": "<fill in>",
        "tool option": "online free",
        "experience with tool": 4,
        "time allocated (h)": 0.5,
        "time saved estimate (h)": 1.5,
        "quality of ai help": 4,
        "knowledge acquired": 4,
        "generic feeling - now": 3,
        "generic feeling - future": 4,
        "threat level": 2,
        "notes": "<fill in>"
    }
}
