{
    "answers": {
        "phase": "coding",
        "action": "source code authoring",
        "scope": "backend",
        "action experience": 1,
        "language": "java",
        "other language": "<fill in>",
        "aimodel": "chatgpt",
        "aimodel version": "<4.0>",
        "open source aimodel": "<fill in>",
        "tool option": "online full",
        "experience with tool": 4,
        "time allocated (h)": 0.15,
        "time saved estimate (h)": 0.5, 
        "quality of ai help": 4,
        "knowledge acquired": 3,
        "generic feeling - now": 4,
        "generic feeling - future": 5,
        "threat level": 2,
        "notes": "Needed guidance with implementing the api error codes into the controller"
    }
}