{
    "answers": {
        "phase": "design",
        "action":"data design",
        "scope": "frontend",
        "action experience": 3,
        "language": "js-node",
        "other language": "<fill in>",
        "aimodel": "chatgpt", 
        "aimodel version": "4o",
        "open source aimodel": "<fill in>",
        "tool option": "online full",
        "experience with tool": 4,
        "time allocated (h)": "1",
        "time saved estimate (h)": "4", 
        "quality of ai help": 4,
        "knowledge acquired": 2,
        "generic feeling - now": 3,
        "generic feeling - future": 3,
        "threat level": 2,
        "notes": "<fill in>"
    }
}