{
    "answers": {
        "phase":  "architecture",
        "action":  "architectural decision",
        "scope": "uml activity", 
        "action experience": 4,
        "language": "n/a",
        "other language": "<fill in>",
        "aimodel": "chatgpt",
        "aimodel version": "<fill in>",
        "open source aimodel": "<fill in>",
        "tool option": "online free",
        "experience with tool": 4,
        "time allocated (h)": "0.15",
        "time saved estimate (h)": "1", 
        "quality of ai help": 5,
        "knowledge acquired": 4,
        "generic feeling - now": 3,
        "generic feeling - future": 3, 
        "threat level": 2,
        "notes": "<fill in>"
    }
}