{
    "answers": {
        "phase": "coding", 
        "action":"source code authoring", 
        "scope":  "backend",
        "action experience": 1,
        "language": "java",
        "other language": "<fill in>",
        "aimodel": "chatgpt",
        "aimodel version": "4",
        "open source aimodel": "<fill in>",
        "tool option": "online free",
        "experience with tool": 4,
        "time allocated (h)": "2",
        "time saved estimate (h)": "20", 
        "quality of ai help": 4,
        "knowledge acquired": 4,
        "generic feeling - now": 4,
        "generic feeling - future": 4,
        "threat level": 3,
        "notes": "<fill in>"
    }
}