{
    "answers": {
        "phase": "architecture",
        "action":  "use case specification",
        "scope": "uml other",
        "action experience": 4,
        "language": "n/a",
        "other language": "<fill in>",
        "aimodel": "chatgpt",
        "aimodel version": "<fill in>",
        "open source aimodel": "<fill in>",
        "tool option": "online free",
        "experience with tool": 4,
        "time allocated (h)": "0.25",
        "time saved estimate (h)": "0.5", 
        "quality of ai help": 4,
        "knowledge acquired": 3,
        "generic feeling - now": 3,
        "generic feeling - future": 4,
        "threat level": 1,
        "notes": "<fill in>"
    }
}