{
  "answers": {
    "phase": "design",
    "action": "data design",
    "scope": "data management",
    "action experience": 3,
    "language": "n/a",
    "other language": "<fill in>",
    "aimodel": "chatgpt",
    "aimodel version": "4o",
    "open source aimodel": "<fill in>",
    "tool option": "online free",
    "experience with tool": 4,
    "time allocated (h)": "0.1",
    "time saved estimate (h)": "1",
    "quality of ai help": 5,
    "knowledge acquired": 3,
    "generic feeling - now": 4,
    "generic feeling - future": 4,
    "threat level": 1,
    "notes": "<fill in>"
  }
}