{
    "answers": {
        "phase": "design",
        "action": "design decision",
        "scope":  "backend",
        "action experience": 2, 
        "language": "python",
        "other language": "<fill in>",
        "aimodel": "chatgpt",
        "aimodel version": "4",
        "open source aimodel": "<fill in>",
        "tool option": "online free",
        "experience with tool": 4,
        "time allocated (h)": "0.5",
        "time saved estimate (h)": "2", 
        "quality of ai help": 4,
        "knowledge acquired": 4, 
        "generic feeling - now": 3,
        "generic feeling - future": 4,
        "threat level": 2,
        "notes": "<fill in>"
    }
}