{
    "answers": {
        "phase": "architecture",
        "action": "architectural decision",
        "scope": "backend",
        "action experience": 3,
        "language": "python",
        "other language": "<fill in>",
        "aimodel": "chatgpt",
        "aimodel version": "4o",
        "open source aimodel": "<fill in>",
        "tool option": "online full",
        "experience with tool": 4,
        "time allocated (h)": "1",
        "time saved estimate (h)": "4", 
        "quality of ai help": 3,
        "knowledge acquired": 2,
        "generic feeling - now": 2,
        "generic feeling - future": 2,
        "threat level": 2,
        "notes": "<fill in>"
    }
}