{
    "answers": {
        "phase": "testing",
        "action": "functional testing",
        "scope": "backend",
        "action experience": 1,
        "language": "js",
        "other language": "<fill in>",
        "aimodel": "chatgpt",
        "aimodel version": "<4.0",
        "open source aimodel": "<fill in>",
        "tool option": "online full",
        "experience with tool": 4,
        "time allocated (h)": "0.1",
        "time saved estimate (h)": "0.5", 
        "quality of ai help": 3,
        "knowledge acquired": 2,
        "generic feeling - now": 4,
        "generic feeling - future": 5,
        "threat level": 2,
        "notes": "<While suplementing the script with key elements that I asked for, it needs more guidance or interference from me for the script to work properly>"
    }
}