{
    "answers": {
        "phase": "testing",
        "action": "unit testing",
        "scope": "backend",
        "action experience": 0,
        "language": "js",
        "other language": "<fill in>",
        "aimodel": "chatgpt",
        "aimodel version": "4.0",
        "open source aimodel": "<fill in>",
        "tool option": "online full",
        "experience with tool": 4,
        "time allocated (h)": 0.5,
        "time saved estimate (h)": 2, 
        "quality of ai help": 4,
        "knowledge acquired": 4,
        "generic feeling - now": 4,
        "generic feeling - future": 5,
        "threat level": 2,
        "notes": "Needed guidance with operating postman and its testing capabilities, gave chatGPT the initial script and it responded with the corrections I needed"
    }
}