{
    "answers": {
        "phase": "requirements specification",
        "action": "non-functional requirements",
        "scope": "uml state",
        "action experience": 1,
        "language": "n/a",
        "other language": "<fill in>",
        "aimodel": "chatgpt",
        "aimodel version": "4.0",
        "open source aimodel": "<fill in>",
        "tool option": "online full",
        "experience with tool": 5,
        "time allocated (h)": "0.1",
        "time saved estimate (h)": "0", 
        "quality of ai help": 1,
        "knowledge acquired": 1,
        "generic feeling - now": 2,
        "generic feeling - future": 3,
        "threat level": 0,
        "notes": "AI's response was lacking in substance and accuracy."
    }
}