{
    "answers": {
        "phase": "coding",
        "action": "source code authoring",
        "scope": "data management",
        "action experience": 2,
        "language": "sql",
        "other language": "<fill in>",
        "aimodel": "chatgpt",
        "aimodel version": 4.0,
        "open source aimodel": "<fill in>",
        "tool option": "online free",
        "experience with tool": 4,
        "time allocated (h)": 0.5,
        "time saved estimate (h)": 1.5,
        "quality of ai help": 4,
        "knowledge acquired": 3,
        "generic feeling - now": 3,
        "generic feeling - future": 4,
        "threat level": 2,
        "notes": "<Quick check for the basic tables that will be used in the database>"
    }
}
