{
    "answers": {
        "phase": "architecture", 
        "action": "architectural decision",
        "scope": "uml component",
        "action experience": 3,
        "language": "n/a",
        "other language": "<fill in>",
        "aimodel": "chatgpt",
        "aimodel version": "4o",
        "open source aimodel": "<fill in>",
        "tool option": "online full",
        "experience with tool": 4,
        "time allocated (h)": "0.5",
        "time saved estimate (h)": "1", 
        "quality of ai help": 2,
        "knowledge acquired": 1,
        "generic feeling - now":  1,
        "generic feeling - future": 2, 
        "threat level": 1,
        "notes": "<fill in>"
    }
}