{
    "answers": {
        "phase": "testing",
        "action": "performance testing",
        "scope": "messaging design",
        "action experience": 3,
        "language": "python", 
        "other language": "<fill in>",
        "aimodel": "chatgpt",
        "aimodel version": "4o",
        "open source aimodel": "<fill in>",
        "tool option": "online full",
        "experience with tool": 4,
        "time allocated (h)": "1.5",
        "time saved estimate (h)": "5", 
        "quality of ai help": 4,
        "knowledge acquired": 3,
        "generic feeling - now": 4,
        "generic feeling - future": 3,
        "threat level": 3,
        "notes": "<fill in>"
    }
}