{
    "answers": {
        "phase": "architecture",
        "action":  "architectural decision", 
        "scope": "api",
        "action experience": 2,
        "language": "python", 
        "other language": "<fill in>",
        "aimodel": "chatgpt",
        "aimodel version": "4o",
        "open source aimodel": "<fill in>",
        "tool option": "online full",
        "experience with tool": 4,
        "time allocated (h)": "1",
        "time saved estimate (h)": "5", 
        "quality of ai help": 4,
        "knowledge acquired": 4,
        "generic feeling - now": 4, 
        "generic feeling - future": 2,
        "threat level": 3,
        "notes": "<fill in>"
    }
}