{
    "answers": {
        "phase": "testing",
        "action": "source code authoring",
        "scope": "backend", 
        "action experience": 2,
        "language": "java",
        "other language": "<fill in>",
        "aimodel": "chatgpt",
        "aimodel version": "4.0",
        "open source aimodel": "<fill in>",
        "tool option": "online full",
        "experience with tool": 5,
        "time allocated (h)": "1",
        "time saved estimate (h)": "3", 
        "quality of ai help": 3,
        "knowledge acquired": 2,
        "generic feeling - now": 4,
        "generic feeling - future": 5,
        "threat level": 2,
        "notes": "While in testing phase, discovered an issue with an endpoint controller in the backend that needed to be fixed"
    }
}