{
    "answers": {
        "phase": "requirements gathering",
        "action": "problem understanding", 
        "scope": "data management", 
        "action experience": 3,
        "language":"python", 
        "other language": "<fill in>",
        "aimodel": "chatgpt", 
        "aimodel version": "4o",
        "open source aimodel": "<fill in>",
        "tool option": "online full",
        "experience with tool": 4,
        "time allocated (h)": "3",
        "time saved estimate (h)": "10", 
        "quality of ai help": 4,
        "knowledge acquired": 4,
        "generic feeling - now": 4,
        "generic feeling - future": 4,
        "threat level": 2,
        "notes": "<fill in>"
    }
}