{
    "answers": {
        "phase": "deployment",
        "action": "dev-ops",
        "scope": "frontend",
        "action experience": 1,
        "language": "js-node",
        "other language": "<fill in>",
        "aimodel": "chatgpt", 
        "aimodel version": "4o",
        "open source aimodel": "<fill in>",
        "tool option": "online full",
        "experience with tool": 4,
        "time allocated (h)": "0.25",
        "time saved estimate (h)": "1", 
        "quality of ai help": 4,
        "knowledge acquired": 3,
        "generic feeling - now": 4,
        "generic feeling - future": 3,
        "threat level": 1,
        "notes": "how to deploy the frontend locally in the terminal"
    }
}